{
    "resources": [
        {
            "name": "utils/formatter-dbg.js",
            "isDebug": true
        },
        {
            "name": "i18n/i18n_ja.properties",
            "raw": "i18n/i18n.properties",
            "locale": "_ja"
        },
        {
            "name": "manifest.json"
        },
        {
            "name": "utils/util.js"
        },
        {
            "name": "utils/formatter.js"
        },
        {
            "name": "model/models.js"
        },
        {
            "name": "controller/rootView.controller.js"
        },
        {
            "name": "controller/productDetail.controller.js"
        },
        {
            "name": "controller/View1.controller.js"
        },
        {
            "name": "Component.js"
        },
        {
            "name": "manifest-bundle.zip"
        },
        {
            "name": "Component-preload.js",
            "merged": true
        },
        {
            "name": "utils/util-dbg.js",
            "isDebug": true
        },
        {
            "name": "i18n/i18n.properties",
            "raw": "i18n/i18n.properties"
        },
        {
            "name": "model/models-dbg.js",
            "isDebug": true
        },
        {
            "name": "controller/rootView-dbg.controller.js",
            "isDebug": true
        },
        {
            "name": "controller/productDetail-dbg.controller.js",
            "isDebug": true
        },
        {
            "name": "controller/View1-dbg.controller.js",
            "isDebug": true
        },
        {
            "name": "Component-dbg.js",
            "isDebug": true
        },
        {
            "name": "../../sap-ui-version.json"
        },
        {
            "name": "view/rootView.view.xml"
        },
        {
            "name": "view/productDetail.view.xml"
        },
        {
            "name": "view/View1.view.xml"
        },
        {
            "name": "fragments/Dialog.fragment.xml"
        },
        {
            "name": "css/style.css"
        },
        {
            "name": "index.html"
        }
    ]
}