{
  "utils/formatter.js": 1612935499215,
  "i18n/i18n_ja.properties": 1612936816043,
  "manifest.json": 1613123128297,
  "utils/util.js": 1612935499227,
  "i18n/i18n.properties": 1612936816043,
  "model/models.js": 1612935088689,
  "controller/rootView.controller.js": 1612935253896,
  "controller/productDetail.controller.js": 1612935253856,
  "controller/View1.controller.js": 1612936863151,
  "Component.js": 1612935088685,
  "manifest-bundle.zip": 1613123127956,
  "Component-preload.js": 1613123128235,
  "utils/util-dbg.js": 1612935499227,
  "utils/formatter-dbg.js": 1612935499215,
  "model/models-dbg.js": 1612935088689,
  "controller/rootView-dbg.controller.js": 1612935253896,
  "controller/productDetail-dbg.controller.js": 1612935253856,
  "controller/View1-dbg.controller.js": 1612936863151,
  "Component-dbg.js": 1612935088685,
  "resources.json": 1613123128300,
  "view/rootView.view.xml": 1612935283072,
  "view/productDetail.view.xml": 1612936816043,
  "view/View1.view.xml": 1612936816043,
  "fragments/Dialog.fragment.xml": 1612935507583,
  "css/style.css": 1612935314636,
  "index.html": 1612935088685
}